Description,in:Angle,in:Spacings,in:Fin Depth,out:Fin Area (m2),out:Direct Sun Hours,out:City Views,img
25_0.9_0.2,25,0.9,0.9,67.5,112.5,1,https://raw.githubusercontent.com/jstellini/DesignExplorer2/main/DesignExplorer25_0.9_0.2.png
14_1.4_0.52,14,1.4,1.5,105.3,60,1,https://raw.githubusercontent.com/jstellini/DesignExplorer2/main/DesignExplorer14_1.4_0.52.png
-16_3.11_0.25,-16,3.11,3,25.875,210,1,https://raw.githubusercontent.com/jstellini/DesignExplorer2/main/DesignExplorer-16_3.11_0.25.png
-71_1.35_0.49,-71,1.35,1.5,99.225,176.5,0,https://raw.githubusercontent.com/jstellini/DesignExplorer2/main/DesignExplorer-71_1.35_0.49.png
-22_1.24_0.5,-22,1.24,1.2,126,76,1,https://raw.githubusercontent.com/jstellini/DesignExplorer2/main/DesignExplorer-22_1.24_0.5.png
22_1.72_0.22,22,1.72,1.8,37.62,168,1,https://raw.githubusercontent.com/jstellini/DesignExplorer2/main/DesignExplorer22_1.72_0.22.png
-3_1.23_0.43,-3,1.23,1.2,108.36,65,1,https://raw.githubusercontent.com/jstellini/DesignExplorer2/main/DesignExplorer-3_1.23_0.43.png
-65_2.11_0.22,-65,2.11,2.1,31.68,230,0,https://raw.githubusercontent.com/jstellini/DesignExplorer2/main/DesignExplorer-65_2.11_0.22.png
55_1.77_0.22,55,1.77,1.8,37.62,194.5,0,https://raw.githubusercontent.com/jstellini/DesignExplorer2/main/DesignExplorer55_1.77_0.22.png
-72_1.28_0.28,-72,1.28,1.2,70.56,203,0,https://raw.githubusercontent.com/jstellini/DesignExplorer2/main/DesignExplorer-72_1.28_0.28.png
-18_3.21_0.51,-18,3.21,3.3,48.195,157,1,https://raw.githubusercontent.com/jstellini/DesignExplorer2/main/DesignExplorer-18_3.21_0.51.png
-53_0.97_0.39,-53,0.97,0.9,131.625,137,0,https://raw.githubusercontent.com/jstellini/DesignExplorer2/main/DesignExplorer-53_0.97_0.39.png
-8_1.14_0.27,-8,1.14,1.2,68.04,120.5,1,https://raw.githubusercontent.com/jstellini/DesignExplorer2/main/DesignExplorer-8_1.14_0.27.png
-20_3.18_0.3,-20,3.18,3.3,28.35,197.5,1,https://raw.githubusercontent.com/jstellini/DesignExplorer2/main/DesignExplorer-20_3.18_0.3.png
-56_3.58_0.28,-56,3.58,3.6,23.94,234,0,https://raw.githubusercontent.com/jstellini/DesignExplorer2/main/DesignExplorer-56_3.58_0.28.png
-48_0.8_0.47,-48,0.8,0.9,158.625,117,0,https://raw.githubusercontent.com/jstellini/DesignExplorer2/main/DesignExplorer-48_0.8_0.47.png
47_0.95_0.5,47,0.95,0.9,168.75,23.5,0,https://raw.githubusercontent.com/jstellini/DesignExplorer2/main/DesignExplorer47_0.95_0.5.png
-21_0.61_0.29,-21,0.61,0.6,146.16,64.5,1,https://raw.githubusercontent.com/jstellini/DesignExplorer2/main/DesignExplorer-21_0.61_0.29.png
60_0.97_0.31,60,0.97,0.9,104.625,109.5,0,https://raw.githubusercontent.com/jstellini/DesignExplorer2/main/DesignExplorer60_0.97_0.31.png
30_1.19_0.56,30,1.19,1.2,141.12,26.5,1,https://raw.githubusercontent.com/jstellini/DesignExplorer2/main/DesignExplorer30_1.19_0.56.png
36_3.19_0.36,36,3.19,3.3,34.02,184,1,https://raw.githubusercontent.com/jstellini/DesignExplorer2/main/DesignExplorer36_3.19_0.36.png
-36_1.89_0.38,-36,1.89,1.8,64.98,152,0,https://raw.githubusercontent.com/jstellini/DesignExplorer2/main/DesignExplorer-36_1.89_0.38.png
1_2_0.52,1,2,2.1,74.88,98,1,https://raw.githubusercontent.com/jstellini/DesignExplorer2/main/DesignExplorer1_2_0.52.png
-78_2.96_0.37,-78,2.96,3,38.295,233,0,https://raw.githubusercontent.com/jstellini/DesignExplorer2/main/DesignExplorer-78_2.96_0.37.png
-80_2.58_0.42,-80,2.58,2.7,47.25,235,0,https://raw.githubusercontent.com/jstellini/DesignExplorer2/main/DesignExplorer-80_2.58_0.42.png
6_2.16_0.54,6,2.16,2.1,77.76,93,1,https://raw.githubusercontent.com/jstellini/DesignExplorer2/main/DesignExplorer6_2.16_0.54.png
76_2.92_0.21,76,2.92,3,21.735,261.5,0,https://raw.githubusercontent.com/jstellini/DesignExplorer2/main/DesignExplorer76_2.92_0.21.png
52_2.35_0.3,52,2.35,2.4,37.8,195,0,https://raw.githubusercontent.com/jstellini/DesignExplorer2/main/DesignExplorer52_2.35_0.3.png
-34_1.09_0.56,-34,1.09,1.2,141.12,92,0,https://raw.githubusercontent.com/jstellini/DesignExplorer2/main/DesignExplorer-34_1.09_0.56.png
14_3.57_0.42,14,3.57,3.6,35.91,174.5,1,https://raw.githubusercontent.com/jstellini/DesignExplorer2/main/DesignExplorer14_3.57_0.42.png
35_1.46_0.24,35,1.46,1.5,48.6,155.5,1,https://raw.githubusercontent.com/jstellini/DesignExplorer2/main/DesignExplorer35_1.46_0.24.png
-31_2.36_0.36,-31,2.36,2.4,45.36,177.5,0,https://raw.githubusercontent.com/jstellini/DesignExplorer2/main/DesignExplorer-31_2.36_0.36.png
16_2.2_0.29,16,2.2,2.1,41.76,158,1,https://raw.githubusercontent.com/jstellini/DesignExplorer2/main/DesignExplorer16_2.2_0.29.png
12_2.17_0.34,12,2.17,2.1,48.96,141.5,1,https://raw.githubusercontent.com/jstellini/DesignExplorer2/main/DesignExplorer12_2.17_0.34.png
78_2.03_0.59,78,2.03,2.1,84.96,179.5,0,https://raw.githubusercontent.com/jstellini/DesignExplorer2/main/DesignExplorer78_2.03_0.59.png
79_3.14_0.45,79,3.14,3,46.575,244,0,https://raw.githubusercontent.com/jstellini/DesignExplorer2/main/DesignExplorer79_3.14_0.45.png
4_1.22_0.29,4,1.22,1.2,73.08,103.5,1,https://raw.githubusercontent.com/jstellini/DesignExplorer2/main/DesignExplorer4_1.22_0.29.png
-44_2.44_0.4,-44,2.44,2.4,50.4,184.5,0,https://raw.githubusercontent.com/jstellini/DesignExplorer2/main/DesignExplorer-44_2.44_0.4.png
44_2.74_0.28,44,2.74,2.7,31.5,199,1,https://raw.githubusercontent.com/jstellini/DesignExplorer2/main/DesignExplorer44_2.74_0.28.png
36_2.83_0.31,36,2.83,2.7,34.875,186,1,https://raw.githubusercontent.com/jstellini/DesignExplorer2/main/DesignExplorer36_2.83_0.31.png
-3_3.08_0.25,-3,3.08,3,25.875,208.5,1,https://raw.githubusercontent.com/jstellini/DesignExplorer2/main/DesignExplorer-3_3.08_0.25.png
-70_3.28_0.31,-70,3.28,3.3,29.295,237.5,0,https://raw.githubusercontent.com/jstellini/DesignExplorer2/main/DesignExplorer-70_3.28_0.31.png
-59_2.38_0.59,-59,2.38,2.4,74.34,186,0,https://raw.githubusercontent.com/jstellini/DesignExplorer2/main/DesignExplorer-59_2.38_0.59.png
-8_2.24_0.47,-8,2.24,2.1,67.68,115.5,1,https://raw.githubusercontent.com/jstellini/DesignExplorer2/main/DesignExplorer-8_2.24_0.47.png
60_1.17_0.54,60,1.17,1.2,136.08,81,0,https://raw.githubusercontent.com/jstellini/DesignExplorer2/main/DesignExplorer60_1.17_0.54.png
-58_1.99_0.27,-58,1.99,2.1,38.88,218.5,0,https://raw.githubusercontent.com/jstellini/DesignExplorer2/main/DesignExplorer-58_1.99_0.27.png
-72_1.08_0.4,-72,1.08,1.2,100.8,177.5,0,https://raw.githubusercontent.com/jstellini/DesignExplorer2/main/DesignExplorer-72_1.08_0.4.png
74_0.94_0.56,74,0.94,0.9,189,82.5,0,https://raw.githubusercontent.com/jstellini/DesignExplorer2/main/DesignExplorer74_0.94_0.56.png
-12_2.07_0.31,-12,2.07,2.1,44.64,156.5,1,https://raw.githubusercontent.com/jstellini/DesignExplorer2/main/DesignExplorer-12_2.07_0.31.png
-13_0.89_0.33,-13,0.89,0.9,111.375,71,1,https://raw.githubusercontent.com/jstellini/DesignExplorer2/main/DesignExplorer-13_0.89_0.33.png
56_3.43_0.27,56,3.43,3.3,25.515,220,0,https://raw.githubusercontent.com/jstellini/DesignExplorer2/main/DesignExplorer56_3.43_0.27.png
61_0.69_0.4,61,0.69,0.6,201.6,37,0,https://raw.githubusercontent.com/jstellini/DesignExplorer2/main/DesignExplorer61_0.69_0.4.png
-19_3.46_0.59,-19,3.46,3.6,50.445,157.5,1,https://raw.githubusercontent.com/jstellini/DesignExplorer2/main/DesignExplorer-19_3.46_0.59.png
-76_1.7_0.21,-76,1.7,1.8,35.91,235,0,https://raw.githubusercontent.com/jstellini/DesignExplorer2/main/DesignExplorer-76_1.7_0.21.png
43_2.13_0.45,43,2.13,2.1,64.8,134,1,https://raw.githubusercontent.com/jstellini/DesignExplorer2/main/DesignExplorer43_2.13_0.45.png
-72_2.53_0.25,-72,2.53,2.4,31.5,240.5,0,https://raw.githubusercontent.com/jstellini/DesignExplorer2/main/DesignExplorer-72_2.53_0.25.png
76_2.39_0.2,76,2.39,2.4,25.2,249,0,https://raw.githubusercontent.com/jstellini/DesignExplorer2/main/DesignExplorer76_2.39_0.2.png
-75_1.48_0.56,-75,1.48,1.5,113.4,167,0,https://raw.githubusercontent.com/jstellini/DesignExplorer2/main/DesignExplorer-75_1.48_0.56.png
47_2.03_0.33,47,2.03,2.1,47.52,167.5,0,https://raw.githubusercontent.com/jstellini/DesignExplorer2/main/DesignExplorer47_2.03_0.33.png
8_1.95_0.35,8,1.95,1.8,59.85,123,1,https://raw.githubusercontent.com/jstellini/DesignExplorer2/main/DesignExplorer8_1.95_0.35.png
-48_1.77_0.22,-48,1.77,1.8,37.62,208,0,https://raw.githubusercontent.com/jstellini/DesignExplorer2/main/DesignExplorer-48_1.77_0.22.png
-40_2.01_0.41,-40,2.01,2.1,59.04,163,0,https://raw.githubusercontent.com/jstellini/DesignExplorer2/main/DesignExplorer-40_2.01_0.41.png
-38_2.45_0.31,-38,2.45,2.4,39.06,194.5,0,https://raw.githubusercontent.com/jstellini/DesignExplorer2/main/DesignExplorer-38_2.45_0.31.png
26_1.11_0.49,26,1.11,1.2,123.48,42.5,1,https://raw.githubusercontent.com/jstellini/DesignExplorer2/main/DesignExplorer26_1.11_0.49.png
12_3.13_0.47,12,3.13,3,48.645,163,1,https://raw.githubusercontent.com/jstellini/DesignExplorer2/main/DesignExplorer12_3.13_0.47.png
-70_1.01_0.48,-70,1.01,0.9,162,140.5,0,https://raw.githubusercontent.com/jstellini/DesignExplorer2/main/DesignExplorer-70_1.01_0.48.png
50_1.72_0.5,50,1.72,1.8,85.5,115,0,https://raw.githubusercontent.com/jstellini/DesignExplorer2/main/DesignExplorer50_1.72_0.5.png
-31_0.95_0.58,-31,0.95,0.9,195.75,57.5,0,https://raw.githubusercontent.com/jstellini/DesignExplorer2/main/DesignExplorer-31_0.95_0.58.png
58_2.74_0.2,58,2.74,2.7,22.5,230.5,0,https://raw.githubusercontent.com/jstellini/DesignExplorer2/main/DesignExplorer58_2.74_0.2.png
38_2.33_0.43,38,2.33,2.4,54.18,147.5,1,https://raw.githubusercontent.com/jstellini/DesignExplorer2/main/DesignExplorer38_2.33_0.43.png
-15_3.32_0.36,-15,3.32,3.3,34.02,182.5,1,https://raw.githubusercontent.com/jstellini/DesignExplorer2/main/DesignExplorer-15_3.32_0.36.png
-64_0.88_0.52,-64,0.88,0.9,175.5,144,0,https://raw.githubusercontent.com/jstellini/DesignExplorer2/main/DesignExplorer-64_0.88_0.52.png
0_2.32_0.58,0,2.32,2.4,73.08,105,1,https://raw.githubusercontent.com/jstellini/DesignExplorer2/main/DesignExplorer0_2.32_0.58.png
37_1.21_0.27,37,1.21,1.2,68.04,125.5,1,https://raw.githubusercontent.com/jstellini/DesignExplorer2/main/DesignExplorer37_1.21_0.27.png
8_2.3_0.36,8,2.3,2.4,45.36,154,1,https://raw.githubusercontent.com/jstellini/DesignExplorer2/main/DesignExplorer8_2.3_0.36.png
79_3.58_0.31,79,3.58,3.6,26.505,246.5,0,https://raw.githubusercontent.com/jstellini/DesignExplorer2/main/DesignExplorer79_3.58_0.31.png
1_3.21_0.48,1,3.21,3.3,45.36,152.5,1,https://raw.githubusercontent.com/jstellini/DesignExplorer2/main/DesignExplorer1_3.21_0.48.png
-60_2.37_0.37,-60,2.37,2.4,46.62,214,0,https://raw.githubusercontent.com/jstellini/DesignExplorer2/main/DesignExplorer-60_2.37_0.37.png
-53_2.7_0.46,-53,2.7,2.7,51.75,197,0,https://raw.githubusercontent.com/jstellini/DesignExplorer2/main/DesignExplorer-53_2.7_0.46.png
-51_1.63_0.45,-51,1.63,1.5,91.125,156.5,0,https://raw.githubusercontent.com/jstellini/DesignExplorer2/main/DesignExplorer-51_1.63_0.45.png
-1_1.88_0.44,-1,1.88,1.8,75.24,100,1,https://raw.githubusercontent.com/jstellini/DesignExplorer2/main/DesignExplorer-1_1.88_0.44.png
-14_1.71_0.3,-14,1.71,1.8,51.3,149.5,1,https://raw.githubusercontent.com/jstellini/DesignExplorer2/main/DesignExplorer-14_1.71_0.3.png
16_1.94_0.56,16,1.94,1.8,95.76,70.5,1,https://raw.githubusercontent.com/jstellini/DesignExplorer2/main/DesignExplorer16_1.94_0.56.png
66_2.15_0.28,66,2.15,2.1,40.32,205,0,https://raw.githubusercontent.com/jstellini/DesignExplorer2/main/DesignExplorer66_2.15_0.28.png
-21_2.67_0.45,-21,2.67,2.7,50.625,154.5,1,https://raw.githubusercontent.com/jstellini/DesignExplorer2/main/DesignExplorer-21_2.67_0.45.png
-65_2.99_0.52,-65,2.99,3,53.82,213,0,https://raw.githubusercontent.com/jstellini/DesignExplorer2/main/DesignExplorer-65_2.99_0.52.png
-72_1.39_0.37,-72,1.39,1.5,74.925,194.5,0,https://raw.githubusercontent.com/jstellini/DesignExplorer2/main/DesignExplorer-72_1.39_0.37.png
13_3.15_0.5,13,3.15,3.3,47.25,147,1,https://raw.githubusercontent.com/jstellini/DesignExplorer2/main/DesignExplorer13_3.15_0.5.png
21_1.44_0.57,21,1.44,1.5,115.425,48.5,1,https://raw.githubusercontent.com/jstellini/DesignExplorer2/main/DesignExplorer21_1.44_0.57.png
22_1.96_0.52,22,1.96,2.1,74.88,98.5,1,https://raw.githubusercontent.com/jstellini/DesignExplorer2/main/DesignExplorer22_1.96_0.52.png
-62_1.76_0.27,-62,1.76,1.8,46.17,215.5,0,https://raw.githubusercontent.com/jstellini/DesignExplorer2/main/DesignExplorer-62_1.76_0.27.png
18_1.01_0.55,18,1.01,0.9,185.625,8.5,1,https://raw.githubusercontent.com/jstellini/DesignExplorer2/main/DesignExplorer18_1.01_0.55.png
69_3.53_0.24,69,3.53,3.6,20.52,244.5,0,https://raw.githubusercontent.com/jstellini/DesignExplorer2/main/DesignExplorer69_3.53_0.24.png
-59_3.16_0.55,-59,3.16,3.3,51.975,206,0,https://raw.githubusercontent.com/jstellini/DesignExplorer2/main/DesignExplorer-59_3.16_0.55.png
68_1.59_0.27,68,1.59,1.5,54.675,194,0,https://raw.githubusercontent.com/jstellini/DesignExplorer2/main/DesignExplorer68_1.59_0.27.png
-32_1.57_0.49,-32,1.57,1.5,99.225,111.5,0,https://raw.githubusercontent.com/jstellini/DesignExplorer2/main/DesignExplorer-32_1.57_0.49.png
57_0.79_0.53,57,0.79,0.9,178.875,36.5,0,https://raw.githubusercontent.com/jstellini/DesignExplorer2/main/DesignExplorer57_0.79_0.53.png
46_2.6_0.4,46,2.6,2.7,45,173.5,0,https://raw.githubusercontent.com/jstellini/DesignExplorer2/main/DesignExplorer46_2.6_0.4.png
27_1.3_0.25,27,1.3,1.2,63,127.5,1,https://raw.githubusercontent.com/jstellini/DesignExplorer2/main/DesignExplorer27_1.3_0.25.png
52_0.69_0.4,52,0.69,0.6,201.6,20.5,0,https://raw.githubusercontent.com/jstellini/DesignExplorer2/main/DesignExplorer52_0.69_0.4.png
-74_1.72_0.48,-74,1.72,1.8,82.08,192.5,0,https://raw.githubusercontent.com/jstellini/DesignExplorer2/main/DesignExplorer-74_1.72_0.48.png
33_2.91_0.26,33,2.91,3,26.91,214.5,1,https://raw.githubusercontent.com/jstellini/DesignExplorer2/main/DesignExplorer33_2.91_0.26.png
-55_0.89_0.48,-55,0.89,0.9,162,137,0,https://raw.githubusercontent.com/jstellini/DesignExplorer2/main/DesignExplorer-55_0.89_0.48.png
56_2.68_0.2,56,2.68,2.7,22.5,228.5,0,https://raw.githubusercontent.com/jstellini/DesignExplorer2/main/DesignExplorer56_2.68_0.2.png
70_1.93_0.47,70,1.93,1.8,80.37,167.5,0,https://raw.githubusercontent.com/jstellini/DesignExplorer2/main/DesignExplorer70_1.93_0.47.png
-68_2.23_0.55,-68,2.23,2.1,79.2,190,0,https://raw.githubusercontent.com/jstellini/DesignExplorer2/main/DesignExplorer-68_2.23_0.55.png
75_1.56_0.34,75,1.56,1.5,68.85,196.5,0,https://raw.githubusercontent.com/jstellini/DesignExplorer2/main/DesignExplorer75_1.56_0.34.png
-50_3.39_0.25,-50,3.39,3.3,23.625,229,0,https://raw.githubusercontent.com/jstellini/DesignExplorer2/main/DesignExplorer-50_3.39_0.25.png
12_0.73_0.55,12,0.73,0.6,277.2,8.5,1,https://raw.githubusercontent.com/jstellini/DesignExplorer2/main/DesignExplorer12_0.73_0.55.png
22_1.95_0.35,22,1.95,1.8,59.85,126,1,https://raw.githubusercontent.com/jstellini/DesignExplorer2/main/DesignExplorer22_1.95_0.35.png
45_3.45_0.21,45,3.45,3.6,17.955,229,0,https://raw.githubusercontent.com/jstellini/DesignExplorer2/main/DesignExplorer45_3.45_0.21.png
21_3.12_0.29,21,3.12,3,30.015,202.5,1,https://raw.githubusercontent.com/jstellini/DesignExplorer2/main/DesignExplorer21_3.12_0.29.png
5_2.09_0.27,5,2.09,2.1,38.88,162.5,1,https://raw.githubusercontent.com/jstellini/DesignExplorer2/main/DesignExplorer5_2.09_0.27.png
-30_2.92_0.31,-30,2.92,3,32.085,205.5,0,https://raw.githubusercontent.com/jstellini/DesignExplorer2/main/DesignExplorer-30_2.92_0.31.png
-69_3.59_0.2,-69,3.59,3.6,17.1,254,0,https://raw.githubusercontent.com/jstellini/DesignExplorer2/main/DesignExplorer-69_3.59_0.2.png
-8_2.99_0.46,-8,2.99,3,47.61,169,1,https://raw.githubusercontent.com/jstellini/DesignExplorer2/main/DesignExplorer-8_2.99_0.46.png
-31_1.38_0.35,-31,1.38,1.5,70.875,137.5,0,https://raw.githubusercontent.com/jstellini/DesignExplorer2/main/DesignExplorer-31_1.38_0.35.png
-14_1.28_0.45,-14,1.28,1.2,113.4,73,1,https://raw.githubusercontent.com/jstellini/DesignExplorer2/main/DesignExplorer-14_1.28_0.45.png
33_3.53_0.37,33,3.53,3.6,31.635,191,1,https://raw.githubusercontent.com/jstellini/DesignExplorer2/main/DesignExplorer33_3.53_0.37.png
-10_1.32_0.44,-10,1.32,1.2,110.88,69,1,https://raw.githubusercontent.com/jstellini/DesignExplorer2/main/DesignExplorer-10_1.32_0.44.png
-74_2.55_0.2,-74,2.55,2.4,25.2,251.5,0,https://raw.githubusercontent.com/jstellini/DesignExplorer2/main/DesignExplorer-74_2.55_0.2.png
24_3.2_0.38,24,3.2,3.3,35.91,172.5,1,https://raw.githubusercontent.com/jstellini/DesignExplorer2/main/DesignExplorer24_3.2_0.38.png
35_1.97_0.43,35,1.97,2.1,61.92,129,1,https://raw.githubusercontent.com/jstellini/DesignExplorer2/main/DesignExplorer35_1.97_0.43.png
28_0.95_0.39,28,0.95,0.9,131.625,32,1,https://raw.githubusercontent.com/jstellini/DesignExplorer2/main/DesignExplorer28_0.95_0.39.png
9_2.62_0.34,9,2.62,2.7,38.25,167,1,https://raw.githubusercontent.com/jstellini/DesignExplorer2/main/DesignExplorer9_2.62_0.34.png
32_0.64_0.41,32,0.64,0.6,206.64,8.5,1,https://raw.githubusercontent.com/jstellini/DesignExplorer2/main/DesignExplorer32_0.64_0.41.png
-41_3.01_0.5,-41,3.01,3,51.75,186,0,https://raw.githubusercontent.com/jstellini/DesignExplorer2/main/DesignExplorer-41_3.01_0.5.png
4_0.73_0.42,4,0.73,0.6,211.68,8.5,1,https://raw.githubusercontent.com/jstellini/DesignExplorer2/main/DesignExplorer4_0.73_0.42.png
22_2.24_0.56,22,2.24,2.1,80.64,91,1,https://raw.githubusercontent.com/jstellini/DesignExplorer2/main/DesignExplorer22_2.24_0.56.png
75_2.25_0.52,75,2.25,2.1,74.88,185,0,https://raw.githubusercontent.com/jstellini/DesignExplorer2/main/DesignExplorer75_2.25_0.52.png
-46_2.18_0.59,-46,2.18,2.1,84.96,149,0,https://raw.githubusercontent.com/jstellini/DesignExplorer2/main/DesignExplorer-46_2.18_0.59.png
-4_0.98_0.42,-4,0.98,0.9,141.75,40.5,1,https://raw.githubusercontent.com/jstellini/DesignExplorer2/main/DesignExplorer-4_0.98_0.42.png
-39_1.2_0.21,-39,1.2,1.2,52.92,174.5,0,https://raw.githubusercontent.com/jstellini/DesignExplorer2/main/DesignExplorer-39_1.2_0.21.png
57_2.42_0.41,57,2.42,2.4,51.66,181,0,https://raw.githubusercontent.com/jstellini/DesignExplorer2/main/DesignExplorer57_2.42_0.41.png
12_1.88_0.4,12,1.88,1.8,68.4,107.5,1,https://raw.githubusercontent.com/jstellini/DesignExplorer2/main/DesignExplorer12_1.88_0.4.png
-28_1.61_0.38,-28,1.61,1.5,76.95,125.5,0,https://raw.githubusercontent.com/jstellini/DesignExplorer2/main/DesignExplorer-28_1.61_0.38.png
-60_0.7_0.44,-60,0.7,0.6,221.76,136.5,0,https://raw.githubusercontent.com/jstellini/DesignExplorer2/main/DesignExplorer-60_0.7_0.44.png
-15_2.58_0.41,-15,2.58,2.7,46.125,158.5,1,https://raw.githubusercontent.com/jstellini/DesignExplorer2/main/DesignExplorer-15_2.58_0.41.png
30_2.95_0.22,30,2.95,3,22.77,222,1,https://raw.githubusercontent.com/jstellini/DesignExplorer2/main/DesignExplorer30_2.95_0.22.png
-24_2.99_0.49,-24,2.99,3,50.715,173.5,0,https://raw.githubusercontent.com/jstellini/DesignExplorer2/main/DesignExplorer-24_2.99_0.49.png
-75_3.12_0.34,-75,3.12,3,35.19,232.5,0,https://raw.githubusercontent.com/jstellini/DesignExplorer2/main/DesignExplorer-75_3.12_0.34.png
-9_2.93_0.54,-9,2.93,3,55.89,155.5,1,https://raw.githubusercontent.com/jstellini/DesignExplorer2/main/DesignExplorer-9_2.93_0.54.png
-69_1.23_0.34,-69,1.23,1.2,85.68,187,0,https://raw.githubusercontent.com/jstellini/DesignExplorer2/main/DesignExplorer-69_1.23_0.34.png
-51_1.26_0.24,-51,1.26,1.2,60.48,184,0,https://raw.githubusercontent.com/jstellini/DesignExplorer2/main/DesignExplorer-51_1.26_0.24.png
-2_1_0.49,-2,1,0.9,165.375,26,1,https://raw.githubusercontent.com/jstellini/DesignExplorer2/main/DesignExplorer-2_1_0.49.png
30_2.88_0.42,30,2.88,3,43.47,180,1,https://raw.githubusercontent.com/jstellini/DesignExplorer2/main/DesignExplorer30_2.88_0.42.png
-3_2.09_0.44,-3,2.09,2.1,63.36,118.5,1,https://raw.githubusercontent.com/jstellini/DesignExplorer2/main/DesignExplorer-3_2.09_0.44.png
-64_2.37_0.56,-64,2.37,2.4,70.56,197.5,0,https://raw.githubusercontent.com/jstellini/DesignExplorer2/main/DesignExplorer-64_2.37_0.56.png
-64_0.92_0.57,-64,0.92,0.9,192.375,139.5,0,https://raw.githubusercontent.com/jstellini/DesignExplorer2/main/DesignExplorer-64_0.92_0.57.png
-21_0.62_0.57,-21,0.62,0.6,287.28,13.5,1,https://raw.githubusercontent.com/jstellini/DesignExplorer2/main/DesignExplorer-21_0.62_0.57.png
45_0.94_0.42,45,0.94,0.9,141.75,41.5,0,https://raw.githubusercontent.com/jstellini/DesignExplorer2/main/DesignExplorer45_0.94_0.42.png
9_1.25_0.58,9,1.25,1.2,146.16,27.5,1,https://raw.githubusercontent.com/jstellini/DesignExplorer2/main/DesignExplorer9_1.25_0.58.png
-60_2.49_0.36,-60,2.49,2.4,45.36,216.5,0,https://raw.githubusercontent.com/jstellini/DesignExplorer2/main/DesignExplorer-60_2.49_0.36.png
39_1.5_0.45,39,1.5,1.5,91.125,91,1,https://raw.githubusercontent.com/jstellini/DesignExplorer2/main/DesignExplorer39_1.5_0.45.png
-64_2.48_0.56,-64,2.48,2.4,70.56,197.5,0,https://raw.githubusercontent.com/jstellini/DesignExplorer2/main/DesignExplorer-64_2.48_0.56.png
56_1.35_0.44,56,1.35,1.5,89.1,123,0,https://raw.githubusercontent.com/jstellini/DesignExplorer2/main/DesignExplorer56_1.35_0.44.png
13_2.59_0.59,13,2.59,2.7,66.375,109.5,1,https://raw.githubusercontent.com/jstellini/DesignExplorer2/main/DesignExplorer13_2.59_0.59.png
-30_1.95_0.27,-30,1.95,1.8,46.17,169,0,https://raw.githubusercontent.com/jstellini/DesignExplorer2/main/DesignExplorer-30_1.95_0.27.png
63_2.63_0.48,63,2.63,2.7,54,184.5,0,https://raw.githubusercontent.com/jstellini/DesignExplorer2/main/DesignExplorer63_2.63_0.48.png
11_1.75_0.28,11,1.75,1.8,47.88,144,1,https://raw.githubusercontent.com/jstellini/DesignExplorer2/main/DesignExplorer11_1.75_0.28.png
-70_2.38_0.24,-70,2.38,2.4,30.24,240,0,https://raw.githubusercontent.com/jstellini/DesignExplorer2/main/DesignExplorer-70_2.38_0.24.png
-42_1.56_0.53,-42,1.56,1.5,107.325,123,0,https://raw.githubusercontent.com/jstellini/DesignExplorer2/main/DesignExplorer-42_1.56_0.53.png
-52_1.99_0.24,-52,1.99,2.1,34.56,215.5,0,https://raw.githubusercontent.com/jstellini/DesignExplorer2/main/DesignExplorer-52_1.99_0.24.png
42_1.08_0.29,42,1.08,1.2,73.08,124,1,https://raw.githubusercontent.com/jstellini/DesignExplorer2/main/DesignExplorer42_1.08_0.29.png
72_1.63_0.56,72,1.63,1.5,113.4,141.5,0,https://raw.githubusercontent.com/jstellini/DesignExplorer2/main/DesignExplorer72_1.63_0.56.png
46_1.41_0.29,46,1.41,1.5,58.725,149.5,0,https://raw.githubusercontent.com/jstellini/DesignExplorer2/main/DesignExplorer46_1.41_0.29.png
-11_2.95_0.23,-11,2.95,3,23.805,213,1,https://raw.githubusercontent.com/jstellini/DesignExplorer2/main/DesignExplorer-11_2.95_0.23.png
53_1.59_0.31,53,1.59,1.5,62.775,153.5,0,https://raw.githubusercontent.com/jstellini/DesignExplorer2/main/DesignExplorer53_1.59_0.31.png
-28_1.12_0.49,-28,1.12,1.2,123.48,89,0,https://raw.githubusercontent.com/jstellini/DesignExplorer2/main/DesignExplorer-28_1.12_0.49.png
4_2.47_0.53,4,2.47,2.4,66.78,113.5,1,https://raw.githubusercontent.com/jstellini/DesignExplorer2/main/DesignExplorer4_2.47_0.53.png
4_0.79_0.3,4,0.79,0.9,101.25,65,1,https://raw.githubusercontent.com/jstellini/DesignExplorer2/main/DesignExplorer4_0.79_0.3.png
14_2.63_0.42,14,2.63,2.7,47.25,148,1,https://raw.githubusercontent.com/jstellini/DesignExplorer2/main/DesignExplorer14_2.63_0.42.png
-49_1.85_0.55,-49,1.85,1.8,94.05,148,0,https://raw.githubusercontent.com/jstellini/DesignExplorer2/main/DesignExplorer-49_1.85_0.55.png
1_3.29_0.34,1,3.29,3.3,32.13,181,1,https://raw.githubusercontent.com/jstellini/DesignExplorer2/main/DesignExplorer1_3.29_0.34.png
22_3.44_0.23,22,3.44,3.3,21.735,207,1,https://raw.githubusercontent.com/jstellini/DesignExplorer2/main/DesignExplorer22_3.44_0.23.png
72_2.79_0.26,72,2.79,2.7,29.25,235,0,https://raw.githubusercontent.com/jstellini/DesignExplorer2/main/DesignExplorer72_2.79_0.26.png
24_2.75_0.49,24,2.75,2.7,55.125,133.5,1,https://raw.githubusercontent.com/jstellini/DesignExplorer2/main/DesignExplorer24_2.75_0.49.png
12_2.49_0.59,12,2.49,2.4,74.34,102,1,https://raw.githubusercontent.com/jstellini/DesignExplorer2/main/DesignExplorer12_2.49_0.59.png
-24_1.79_0.43,-24,1.79,1.8,73.53,123.5,0,https://raw.githubusercontent.com/jstellini/DesignExplorer2/main/DesignExplorer-24_1.79_0.43.png
-76_1.08_0.59,-76,1.08,1.2,148.68,147,0,https://raw.githubusercontent.com/jstellini/DesignExplorer2/main/DesignExplorer-76_1.08_0.59.png
-8_1.04_0.37,-8,1.04,0.9,124.875,56.5,1,https://raw.githubusercontent.com/jstellini/DesignExplorer2/main/DesignExplorer-8_1.04_0.37.png
49_1.1_0.59,49,1.1,1.2,148.68,43,0,https://raw.githubusercontent.com/jstellini/DesignExplorer2/main/DesignExplorer49_1.1_0.59.png
-13_1.54_0.53,-13,1.54,1.5,107.325,77,1,https://raw.githubusercontent.com/jstellini/DesignExplorer2/main/DesignExplorer-13_1.54_0.53.png
0_2.47_0.21,0,2.47,2.4,26.46,200.5,1,https://raw.githubusercontent.com/jstellini/DesignExplorer2/main/DesignExplorer0_2.47_0.21.png
-11_3.03_0.22,-11,3.03,3,22.77,215,1,https://raw.githubusercontent.com/jstellini/DesignExplorer2/main/DesignExplorer-11_3.03_0.22.png
-40_2.81_0.27,-40,2.81,2.7,30.375,210.5,0,https://raw.githubusercontent.com/jstellini/DesignExplorer2/main/DesignExplorer-40_2.81_0.27.png
48_1.71_0.59,48,1.71,1.8,100.89,91.5,0,https://raw.githubusercontent.com/jstellini/DesignExplorer2/main/DesignExplorer48_1.71_0.59.png
-59_1.12_0.47,-59,1.12,1.2,118.44,155.5,0,https://raw.githubusercontent.com/jstellini/DesignExplorer2/main/DesignExplorer-59_1.12_0.47.png
-7_2.89_0.31,-7,2.89,3,32.085,197.5,1,https://raw.githubusercontent.com/jstellini/DesignExplorer2/main/DesignExplorer-7_2.89_0.31.png
18_1.01_0.55,18,1.01,0.9,185.625,8.5,1,https://raw.githubusercontent.com/jstellini/DesignExplorer2/main/DesignExplorer18_1.01_0.55.png
